1,2021-06-30T09:30:05Z,009BA250-8455-2C7F-97FE-0AC303C8558C,BCE
2,2021-06-30T09:30:17Z,466AE9C1-2C12-A36A-3B77-766D2D343716,EDC
3,2021-06-30T09:30:14Z,A3C4C2F2-A1BD-86F0-32EA-389F4FE841D1,ADE
4,2021-06-30T09:30:05Z,D1E7B3AB-A41F-48C8-1041-1DF0A6E28D46,BBF
5,2021-06-30T09:31:00Z,0A831B69-03D0-6D52-9C98-C9207A9C1335,BED
6,2021-06-30T09:30:08Z,DD150F75-0E6D-49AA-653D-2B21D8E36C82,FCE
7,2021-06-30T09:30:59Z,392A8C4F-684E-5ECB-9025-1B54AB1F6826,DEC
8,2021-06-30T09:30:41Z,DB74F83A-1DEF-5616-90FA-DC8FBFDA203D,BAF
9,2021-06-30T09:30:14Z,DA42E5BE-81A3-00A7-A004-5B0B257939DE,EAE
10,2021-06-30T09:30:37Z,3CEF6AD6-A233-46F5-8966-43FA06DF112D,EEB
11,2021-06-30T09:30:19Z,6FE22038-813B-8F8A-675A-717FDB2966C6,FBC
12,2021-06-30T09:30:28Z,BA3845E0-2775-8938-0FE4-E87A1AA3118B,BED
13,2021-06-30T09:30:51Z,6B83B57F-879C-2CED-1D46-123827A037AE,BEC
14,2021-06-30T09:30:44Z,1FB4B1D7-0EE9-85CE-2143-7D72D38B2BA2,ADB
15,2021-06-30T09:30:17Z,1DEFB170-1450-5F8C-625F-F973169B0616,ECC
16,2021-06-30T09:30:19Z,FF9CB103-4F43-0FF5-1B1C-2CC5F8D69E2A,EDC
17,2021-06-30T09:30:17Z,0CF3D112-7163-8EF5-96F5-804989A97A4A,FDD
18,2021-06-30T09:30:49Z,89CF7A16-2CE1-1F41-5694-BDCCDF6E5F7F,BFD
19,2021-06-30T09:30:14Z,935EA95A-236A-6F0C-3C1C-29C3A047599D,CCD
20,2021-06-30T09:30:31Z,4186689C-9C91-1356-2745-7F1703BE51D3,FAB